                  epoch,         train/box_loss,         train/cls_loss,         train/dfl_loss,   metrics/precision(B),      metrics/recall(B),       metrics/mAP50(B),    metrics/mAP50-95(B),           val/box_loss,           val/cls_loss,           val/dfl_loss,                 lr/pg0,                 lr/pg1,                 lr/pg2
                      1,                0.57175,                 1.7475,                 1.2175,                0.66867,                0.73587,                0.73852,                0.48479,                0.82197,                 2.1104,                 1.5711,             0.00023655,             0.00023655,             0.00023655
                      2,                0.58754,                 1.0184,                 1.1965,                0.65133,                 0.6544,                0.70453,                0.50566,                0.85665,                 1.5861,                 1.5199,             0.00047161,             0.00047161,             0.00047161
                      3,                0.60791,                0.94402,                 1.2076,                 0.7925,                0.70602,                0.82642,                0.66745,                0.67378,                 1.1042,                 1.3222,             0.00070373,             0.00070373,             0.00070373
                      4,                0.60267,                0.87318,                 1.2064,                0.73535,                0.48274,                0.66356,                0.50876,                0.79195,                 2.1524,                 1.3899,             0.00070075,             0.00070075,             0.00070075
                      5,                0.53279,                0.74528,                 1.1581,                0.66625,                0.87382,                0.85069,                0.72819,                0.57005,                  1.126,                 1.1513,             0.00070075,             0.00070075,             0.00070075
                      6,                0.51626,                0.70335,                 1.1397,                 0.9163,                0.78089,                0.87931,                 0.7125,                0.62873,                0.76494,                 1.2467,             0.00069633,             0.00069633,             0.00069633
                      7,                0.51377,                0.67979,                 1.1381,                0.82069,                0.92297,                 0.9132,                0.81038,                0.50108,                0.57089,                 1.1115,             0.00069191,             0.00069191,             0.00069191
                      8,                 0.4765,                 0.6181,                 1.1162,                0.88002,                0.98972,                0.95803,                0.82731,                 0.5194,                0.50499,                 1.1399,             0.00068749,             0.00068749,             0.00068749
                      9,                0.46854,                0.56615,                 1.1093,                0.87098,                0.95487,                0.98178,                0.88821,                0.46668,                0.43666,                 1.0462,             0.00068307,             0.00068307,             0.00068307
                     10,                0.45393,                0.55557,                 1.0973,                0.92533,                0.95857,                0.98315,                0.91909,                0.40398,                0.48893,                0.97687,             0.00067866,             0.00067866,             0.00067866
                     11,                 0.4339,                0.53345,                 1.0823,                0.94554,                0.98179,                 0.9731,                0.90289,                0.41347,                0.41455,                0.97212,             0.00067424,             0.00067424,             0.00067424
                     12,                 0.4232,                 0.4968,                 1.0793,                0.93422,                0.97612,                0.97652,                0.89977,                0.43969,                0.48496,                 1.0165,             0.00066982,             0.00066982,             0.00066982
                     13,                0.40276,                0.49246,                 1.0615,                0.89435,                0.94773,                0.94894,                0.87557,                  0.414,                0.51964,                 1.0005,              0.0006654,              0.0006654,              0.0006654
                     14,                0.39804,                0.47914,                 1.0569,                0.95011,                0.96406,                0.98457,                0.91318,                0.39622,                 0.4495,                0.95593,             0.00066099,             0.00066099,             0.00066099
                     15,                0.40162,                0.47533,                 1.0595,                0.95728,                0.94629,                0.98782,                0.91985,                0.39719,                  0.395,                0.97341,             0.00065657,             0.00065657,             0.00065657
                     16,                0.39384,                0.45642,                 1.0545,                0.93396,                0.99119,                0.98846,                0.90135,                0.44267,                0.43891,                 1.0197,             0.00065215,             0.00065215,             0.00065215
                     17,                0.38945,                0.43604,                 1.0513,                0.92189,                 0.9837,                 0.9804,                0.90713,                0.38846,                0.37573,                0.96745,             0.00064773,             0.00064773,             0.00064773
                     18,                0.37536,                 0.4283,                 1.0432,                0.90068,                0.99142,                 0.9831,                0.90446,                0.41923,                 0.3965,                0.99061,             0.00064331,             0.00064331,             0.00064331
                     19,                0.37177,                0.41793,                 1.0422,                0.91561,                0.98998,                0.99073,                0.91599,                0.39775,                0.37772,                0.96597,              0.0006389,              0.0006389,              0.0006389
                     20,                0.37383,                0.40592,                 1.0469,                0.90757,                0.99331,                0.99011,                0.93266,                0.35886,                0.32943,                0.92835,             0.00063448,             0.00063448,             0.00063448
                     21,                0.36522,                0.39476,                 1.0395,                0.94511,                0.98301,                0.98867,                0.90772,                0.36848,                0.36963,                0.93819,             0.00063006,             0.00063006,             0.00063006
                     22,                0.35995,                0.39611,                 1.0325,                0.97046,                0.96443,                0.99236,                0.92899,                0.36369,                0.34219,                0.92466,             0.00062564,             0.00062564,             0.00062564
                     23,                0.34738,                0.37661,                 1.0249,                0.95566,                0.94133,                0.98238,                0.91844,                0.38111,                0.40823,                0.95864,             0.00062122,             0.00062122,             0.00062122
                     24,                  0.349,                 0.3867,                 1.0273,                0.94918,                 0.9695,                0.99235,                0.93846,                0.36175,                0.29893,                0.94048,             0.00061681,             0.00061681,             0.00061681
                     25,                0.34538,                0.37382,                   1.02,                 0.9014,                0.98556,                0.97968,                0.92645,                0.35482,                0.39598,                0.92915,             0.00061239,             0.00061239,             0.00061239
                     26,                0.34332,                0.35609,                 1.0212,                0.93748,                0.99041,                 0.9878,                0.93385,                0.37736,                0.36574,                0.94889,             0.00060797,             0.00060797,             0.00060797
                     27,                0.34107,                0.36003,                 1.0152,                0.92739,                0.98001,                0.98579,                0.91659,                0.36114,                0.35343,                0.92156,             0.00060355,             0.00060355,             0.00060355
                     28,                0.33572,                 0.3554,                 1.0161,                0.95596,                0.94356,                0.98984,                0.92014,                0.42035,                0.35499,                 0.9855,             0.00059914,             0.00059914,             0.00059914
                     29,                0.33327,                0.35328,                 1.0077,                0.93916,                0.98085,                0.96426,                0.91139,                0.34879,                 0.3382,                0.91942,             0.00059472,             0.00059472,             0.00059472
                     30,                0.33629,                0.35089,                 1.0172,                0.95224,                0.98009,                0.98325,                0.91834,                 0.3487,                0.35798,                0.91997,              0.0005903,              0.0005903,              0.0005903
                     31,                0.32435,                0.33463,                 1.0056,                0.94924,                0.99409,                0.99018,                0.93996,                0.35629,                0.35728,                0.92506,             0.00058588,             0.00058588,             0.00058588
                     32,                 0.3257,                0.33729,                 1.0139,                0.95118,                0.98076,                0.98893,                0.92504,                0.36003,                0.33993,                0.92304,             0.00058146,             0.00058146,             0.00058146
                     33,                0.32552,                0.33748,                   1.01,                0.95519,                0.99512,                0.98309,                0.93375,                0.32894,                0.35826,                0.88654,             0.00057705,             0.00057705,             0.00057705
                     34,                0.32402,                0.33218,                 1.0082,                0.91979,                0.98353,                 0.9885,                0.93861,                0.33042,                0.31671,                0.88784,             0.00057263,             0.00057263,             0.00057263
                     35,                0.31515,                0.32262,                 1.0031,                0.92226,                0.99192,                0.97371,                0.91206,                0.34957,                0.36985,                0.92503,             0.00056821,             0.00056821,             0.00056821
                     36,                 0.3164,                 0.3216,                 1.0057,                0.94699,                 0.9901,                0.98692,                 0.9435,                0.32296,                0.33412,                0.89052,             0.00056379,             0.00056379,             0.00056379
                     37,                0.31217,                0.32114,                0.99678,                0.94862,                0.99551,                0.98248,                0.94559,                0.33411,                0.33927,                0.89406,             0.00055937,             0.00055937,             0.00055937
                     38,                0.31528,                0.31181,                 1.0036,                 0.9433,                0.98693,                0.98813,                0.94835,                0.33606,                0.33543,                0.90415,             0.00055496,             0.00055496,             0.00055496
                     39,                0.30609,                0.31848,                0.99573,                0.95644,                0.97167,                  0.979,                0.93352,                0.34946,                0.32666,                0.90869,             0.00055054,             0.00055054,             0.00055054
                     40,                  0.296,                0.30222,                0.99024,                0.93722,                0.98727,                0.98867,                0.93138,                0.36637,                0.36385,                0.95116,             0.00054612,             0.00054612,             0.00054612
                     41,                0.30869,                0.32306,                0.99451,                0.95762,                 0.9864,                0.99121,                0.95324,                  0.325,                0.33105,                0.88531,              0.0005417,              0.0005417,              0.0005417
                     42,                0.29902,                0.30586,                0.99531,                0.94209,                0.98215,                0.98965,                0.93093,                0.34711,                0.33884,                0.90135,             0.00053728,             0.00053728,             0.00053728
                     43,                0.30047,                0.30637,                0.99656,                0.95058,                0.99587,                0.99172,                0.95063,                0.33244,                0.31451,                0.89997,             0.00053287,             0.00053287,             0.00053287
                     44,                 0.3089,                0.30502,                 1.0008,                0.95033,                0.98563,                0.97935,                0.93986,                0.34179,                0.36883,                0.91004,             0.00052845,             0.00052845,             0.00052845
                     45,                0.29072,                0.29367,                0.98838,                0.92467,                 0.9969,                0.98778,                0.95053,                0.32036,                0.31984,                0.88681,             0.00052403,             0.00052403,             0.00052403
                     46,                0.29723,                0.29776,                0.98852,                0.95333,                0.99283,                0.98791,                 0.9454,                0.32929,                0.32206,                0.89589,             0.00051961,             0.00051961,             0.00051961
                     47,                0.28964,                0.30003,                0.99423,                 0.9341,                 0.9855,                 0.9906,                0.94178,                0.32326,                0.30781,                0.88651,              0.0005152,              0.0005152,              0.0005152
                     48,                 0.2924,                0.28863,                0.98941,                0.95893,                0.98779,                 0.9917,                0.94081,                0.33682,                0.30535,                0.90856,             0.00051078,             0.00051078,             0.00051078
                     49,                 0.2886,                0.29172,                 0.9869,                0.90342,                0.99615,                0.97715,                0.92696,                0.33253,                0.37547,                0.90719,             0.00050636,             0.00050636,             0.00050636
                     50,                0.29022,                0.29968,                0.98579,                0.95062,                0.99303,                 0.9851,                 0.9451,                0.31017,                 0.3257,                0.86625,             0.00050194,             0.00050194,             0.00050194
                     51,                0.29122,                0.29315,                 0.9888,                0.92996,                0.99617,                0.98663,                0.94245,                  0.341,                0.33528,                0.90423,             0.00049752,             0.00049752,             0.00049752
                     52,                0.28928,                0.28086,                0.98599,                0.95331,                 0.9967,                0.98787,                0.94323,                0.32021,                0.30151,                0.88533,             0.00049311,             0.00049311,             0.00049311
                     53,                0.28793,                0.28822,                 0.9871,                0.94357,                0.98185,                0.98338,                0.94112,                 0.3394,                0.33591,                0.90056,             0.00048869,             0.00048869,             0.00048869
                     54,                0.28188,                0.27069,                0.97826,                 0.9546,                0.99739,                0.98465,                0.94798,                0.33223,                0.29639,                0.89727,             0.00048427,             0.00048427,             0.00048427
                     55,                0.28236,                0.27296,                0.98587,                0.95796,                0.99408,                0.98034,                0.93611,                  0.336,                0.33407,                0.89394,             0.00047985,             0.00047985,             0.00047985
                     56,                 0.2856,                0.27405,                0.98609,                0.95348,                0.99087,                0.98436,                0.94768,                0.31945,                0.31309,                0.88127,             0.00047543,             0.00047543,             0.00047543
                     57,                 0.2777,                0.27014,                0.97485,                0.94395,                 0.9899,                 0.9782,                0.94031,                0.31369,                0.30382,                 0.8669,             0.00047102,             0.00047102,             0.00047102
                     58,                0.27092,                0.26775,                0.97583,                0.94695,                0.99889,                 0.9842,                0.93907,                0.32133,                0.31281,                0.88221,              0.0004666,              0.0004666,              0.0004666
                     59,                0.27268,                0.27698,                 0.9789,                0.96072,                0.99376,                0.98864,                0.94253,                0.31958,                0.31297,                0.88767,             0.00046218,             0.00046218,             0.00046218
                     60,                0.27608,                0.26904,                0.97391,                0.94691,                0.98152,                0.99145,                0.95549,                0.30428,                0.29813,                0.86742,             0.00045776,             0.00045776,             0.00045776
                     61,                0.26929,                0.26015,                0.97548,                0.94659,                0.98976,                0.98975,                0.94235,                0.31714,                0.34265,                0.87054,             0.00045335,             0.00045335,             0.00045335
                     62,                0.27093,                0.25778,                0.97294,                0.95591,                0.99186,                0.98645,                 0.9371,                0.30959,                0.30561,                0.87367,             0.00044893,             0.00044893,             0.00044893
                     63,                0.26959,                0.26237,                0.97492,                0.95276,                0.99722,                0.99135,                 0.9452,                0.31837,                0.30934,                0.87845,             0.00044451,             0.00044451,             0.00044451
                     64,                0.26557,                0.26742,                0.97277,                0.95875,                0.99858,                 0.9916,                0.95962,                0.29682,                0.31167,                0.86282,             0.00044009,             0.00044009,             0.00044009
                     65,                0.26222,                0.25052,                0.96782,                0.94724,                0.99363,                0.98872,                0.94396,                0.31922,                0.28864,                0.88458,             0.00043567,             0.00043567,             0.00043567
                     66,                0.26365,                 0.2534,                0.97312,                0.96018,                0.99844,                   0.99,                0.93881,                0.32582,                0.32565,                0.89716,             0.00043126,             0.00043126,             0.00043126
                     67,                0.26309,                0.24818,                0.96848,                0.94519,                0.99176,                0.98893,                0.94241,                0.30553,                0.31282,                0.86672,             0.00042684,             0.00042684,             0.00042684
                     68,                0.25469,                0.25298,                0.96814,                0.95884,                0.99063,                0.98522,                0.94678,                0.29792,                0.28716,                0.86025,             0.00042242,             0.00042242,             0.00042242
                     69,                0.25605,                0.24696,                0.96931,                0.96063,                0.99672,                0.98127,                0.93815,                0.32403,                0.32895,                0.88825,               0.000418,               0.000418,               0.000418
                     70,                 0.2597,                0.25171,                0.96995,                0.95687,                0.99378,                0.98676,                0.95647,                0.29933,                0.28251,                0.85397,             0.00041358,             0.00041358,             0.00041358
                     71,                0.25249,                0.24897,                0.95922,                0.94281,                0.99745,                0.98558,                0.94255,                0.30826,                0.31217,                0.86779,             0.00040917,             0.00040917,             0.00040917
                     72,                0.25845,                 0.2413,                0.96649,                0.92619,                0.99684,                0.98238,                0.95217,                0.30359,                0.31916,                 0.8629,             0.00040475,             0.00040475,             0.00040475
                     73,                0.25161,                0.24163,                0.96419,                0.94682,                0.99701,                0.98526,                0.94019,                0.31785,                0.30202,                0.89116,             0.00040033,             0.00040033,             0.00040033
                     74,                 0.2524,                0.23672,                0.96263,                0.94868,                0.98767,                0.98815,                0.95321,                0.30272,                0.30114,                0.86412,             0.00039591,             0.00039591,             0.00039591
                     75,                0.25256,                0.24329,                0.96569,                0.94314,                0.99408,                 0.9881,                  0.959,                0.30983,                0.30951,                0.86923,              0.0003915,              0.0003915,              0.0003915
                     76,                0.25517,                0.23684,                0.96748,                0.96018,                      1,                0.98989,                0.95792,                0.29547,                0.28898,                0.86466,             0.00038708,             0.00038708,             0.00038708
                     77,                0.24857,                0.23772,                0.96274,                0.95798,                      1,                0.98954,                0.94931,                0.30659,                0.27161,                0.87079,             0.00038266,             0.00038266,             0.00038266
                     78,                0.24808,                0.22417,                 0.9597,                0.95527,                0.99488,                0.99032,                0.95472,                0.29335,                 0.2952,                0.85435,             0.00037824,             0.00037824,             0.00037824
                     79,                0.25311,                0.23719,                0.96778,                0.96326,                 0.9987,                0.99271,                0.95971,                0.29868,                0.26404,                 0.8659,             0.00037382,             0.00037382,             0.00037382
                     80,                0.24416,                0.23307,                0.96239,                0.94927,                0.99524,                0.98672,                 0.9539,                0.29986,                0.30131,                0.86272,             0.00036941,             0.00036941,             0.00036941
                     81,                 0.2455,                0.23948,                0.96219,                0.95924,                0.99545,                0.98191,                0.94455,                0.30593,                0.30404,                0.87819,             0.00036499,             0.00036499,             0.00036499
                     82,                0.24518,                0.23331,                0.96245,                0.96324,                0.99979,                0.98705,                0.95339,                0.29196,                0.29671,                0.85207,             0.00036057,             0.00036057,             0.00036057
                     83,                0.24302,                0.23508,                0.95842,                0.95769,                0.99734,                0.98679,                0.95147,                0.29939,                0.28798,                0.86149,             0.00035615,             0.00035615,             0.00035615
                     84,                0.24814,                0.22878,                0.96274,                0.95736,                0.99605,                0.98977,                0.95096,                0.29673,                0.27354,                0.85715,             0.00035173,             0.00035173,             0.00035173
                     85,                0.23891,                0.22341,                0.95336,                0.95794,                0.99925,                0.98961,                 0.9504,                0.29152,                0.27722,                0.85634,             0.00034732,             0.00034732,             0.00034732
                     86,                  0.244,                0.22906,                0.96089,                0.96107,                      1,                0.99099,                0.95747,                0.29297,                0.26926,                0.85521,              0.0003429,              0.0003429,              0.0003429
                     87,                0.23114,                0.22185,                0.95356,                0.96322,                0.98748,                0.99399,                0.95821,                0.30729,                0.27168,                0.87264,             0.00033848,             0.00033848,             0.00033848
                     88,                 0.2373,                0.21987,                0.95576,                0.96076,                0.99631,                0.99098,                 0.9565,                0.29762,                0.26717,                0.85918,             0.00033406,             0.00033406,             0.00033406
                     89,                0.22862,                0.22075,                 0.9512,                0.93883,                0.99798,                0.99074,                0.95043,                0.30642,                0.27662,                0.86952,             0.00032964,             0.00032964,             0.00032964
                     90,                0.23004,                0.22017,                0.95433,                0.95784,                0.98807,                0.99257,                0.96205,                0.27891,                0.27665,                0.84418,             0.00032523,             0.00032523,             0.00032523
                     91,                0.23496,                0.22512,                0.95872,                0.96118,                 0.9972,                0.98715,                0.96063,                0.29634,                0.28249,                0.85343,             0.00032081,             0.00032081,             0.00032081
                     92,                0.22726,                0.21965,                0.95105,                0.94938,                0.99583,                 0.9913,                0.95222,                0.29066,                 0.2762,                0.85264,             0.00031639,             0.00031639,             0.00031639
                     93,                 0.2342,                0.22024,                0.95074,                0.95817,                0.99998,                0.99205,                0.95537,                 0.3019,                0.29575,                0.86632,             0.00031197,             0.00031197,             0.00031197
                     94,                0.23591,                 0.2188,                0.95575,                0.95861,                0.98846,                0.99226,                0.95874,                0.30583,                0.29285,                 0.8654,             0.00030756,             0.00030756,             0.00030756
                     95,                0.23054,                0.21461,                0.95389,                0.95242,                0.98919,                0.99162,                0.95823,                0.29384,                0.27724,                0.85286,             0.00030314,             0.00030314,             0.00030314
                     96,                 0.2259,                 0.2049,                0.94397,                0.95031,                 0.9867,                0.99132,                0.95128,                0.29293,                0.28865,                0.85501,             0.00029872,             0.00029872,             0.00029872
                     97,                0.23182,                0.21563,                0.95121,                0.96097,                0.99285,                0.99267,                0.95936,                0.28706,                0.26666,                0.84672,              0.0002943,              0.0002943,              0.0002943
                     98,                0.22983,                0.21804,                0.95253,                0.95129,                0.98977,                0.99022,                0.95525,                0.28691,                0.28563,                0.85217,             0.00028988,             0.00028988,             0.00028988
                     99,                 0.2268,                0.20765,                0.94596,                0.95032,                0.99429,                0.98816,                  0.952,                0.27653,                0.28183,                0.84138,             0.00028547,             0.00028547,             0.00028547
                    100,                0.22008,                0.20659,                0.94868,                0.92892,                0.99724,                0.99145,                0.95836,                0.28274,                0.29629,                0.84198,             0.00028105,             0.00028105,             0.00028105
                    101,                0.22339,                0.20582,                0.94977,                0.95655,                 0.9946,                0.99207,                0.95346,                0.28317,                0.26523,                0.84273,             0.00027663,             0.00027663,             0.00027663
                    102,                0.21535,                0.20523,                0.94327,                0.95407,                0.99075,                0.99241,                0.95689,                0.28486,                0.28011,                0.84601,             0.00027221,             0.00027221,             0.00027221
                    103,                0.22738,                0.20897,                0.95043,                0.95865,                0.99591,                0.99036,                0.95311,                0.29256,                0.28156,                0.84927,             0.00026779,             0.00026779,             0.00026779
                    104,                0.22007,                0.20288,                0.94867,                0.95964,                 0.9955,                 0.9917,                0.95501,                0.28692,                0.26627,                0.84741,             0.00026338,             0.00026338,             0.00026338
                    105,                0.22462,                0.20882,                 0.9492,                0.93263,                0.99297,                0.99107,                0.95524,                0.28589,                0.26047,                0.84428,             0.00025896,             0.00025896,             0.00025896
                    106,                0.21785,                0.19857,                0.94446,                0.94203,                0.99283,                 0.9902,                0.96085,                0.28263,                0.27397,                  0.839,             0.00025454,             0.00025454,             0.00025454
                    107,                0.21916,                0.20226,                0.94644,                0.95879,                0.98754,                 0.9922,                0.95444,                0.28077,                0.28654,                0.84034,             0.00025012,             0.00025012,             0.00025012
                    108,                0.22146,                0.19985,                0.94666,                 0.9605,                0.98858,                0.99349,                0.95591,                0.27697,                0.27327,                0.83612,             0.00024571,             0.00024571,             0.00024571
                    109,                0.21538,                0.19532,                0.94507,                0.95517,                0.99135,                0.99145,                0.95586,                0.27614,                0.26044,                0.83651,             0.00024129,             0.00024129,             0.00024129
                    110,                0.21311,                0.19858,                 0.9421,                0.95512,                0.98933,                 0.9921,                0.95557,                 0.2751,                0.26406,                 0.8341,             0.00023687,             0.00023687,             0.00023687
                    111,                 0.2148,                 0.1914,                0.94105,                 0.9588,                 0.9986,                0.99124,                0.95781,                0.27598,                0.26592,                0.83569,             0.00023245,             0.00023245,             0.00023245
                    112,                0.21163,                0.19725,                0.94117,                0.95582,                0.98614,                0.99015,                0.95521,                 0.2754,                0.27646,                0.83259,             0.00022803,             0.00022803,             0.00022803
                    113,                0.21171,                0.19065,                0.93692,                0.95664,                0.99106,                0.99253,                0.96838,                0.27604,                0.26513,                0.83328,             0.00022362,             0.00022362,             0.00022362
                    114,                0.20837,                0.19134,                0.93926,                 0.9612,                 0.9883,                0.99167,                0.95422,                0.27514,                0.25889,                 0.8354,              0.0002192,              0.0002192,              0.0002192
                    115,                 0.2072,                0.18601,                0.93433,                0.93976,                0.99713,                0.98457,                0.94976,                0.26961,                0.27041,                0.83578,             0.00021478,             0.00021478,             0.00021478
                    116,                0.20442,                0.19124,                0.93605,                 0.9574,                0.99976,                0.98919,                0.95571,                0.27122,                0.27047,                0.83639,             0.00021036,             0.00021036,             0.00021036
                    117,                0.21046,                0.19448,                0.94407,                0.93262,                0.99726,                0.99122,                0.95401,                0.29373,                0.27285,                0.85638,             0.00020594,             0.00020594,             0.00020594
                    118,                0.20156,                0.18221,                0.93652,                 0.9587,                0.99542,                0.99066,                0.95549,                 0.3055,                0.29207,                0.86874,             0.00020153,             0.00020153,             0.00020153
                    119,                0.21144,                0.18717,                0.93746,                0.95865,                0.99322,                0.98918,                0.96009,                0.29004,                0.28484,                0.84734,             0.00019711,             0.00019711,             0.00019711
                    120,                0.20553,                0.18617,                0.93791,                  0.957,                0.99441,                0.99174,                0.96255,                0.28469,                0.25991,                0.84545,             0.00019269,             0.00019269,             0.00019269
                    121,                0.20137,                0.17943,                0.93372,                0.95598,                0.98783,                0.99312,                0.96306,                0.27355,                0.25359,                0.82931,             0.00018827,             0.00018827,             0.00018827
                    122,                0.20248,                0.18533,                0.93927,                0.95367,                 0.9957,                0.99151,                0.95913,                0.28367,                0.27466,                0.84819,             0.00018385,             0.00018385,             0.00018385
                    123,                0.20232,                0.18548,                 0.9377,                0.95879,                0.99754,                0.99307,                0.96081,                0.29289,                 0.2691,                0.85803,             0.00017944,             0.00017944,             0.00017944
                    124,                0.19968,                0.18333,                0.93721,                0.95926,                0.99078,                0.99051,                0.95561,                0.28679,                0.26893,                0.84776,             0.00017502,             0.00017502,             0.00017502
                    125,                0.20059,                0.18455,                0.93605,                0.96159,                0.99461,                0.99274,                0.95326,                0.28822,                0.26553,                0.85198,              0.0001706,              0.0001706,              0.0001706
                    126,                0.19792,                0.17872,                0.93279,                 0.9596,                0.99363,                0.99267,                0.95558,                0.27496,                0.26381,                0.84228,             0.00016618,             0.00016618,             0.00016618
                    127,                0.19767,                0.17841,                0.93343,                0.96249,                0.98802,                0.99244,                0.95797,                0.27931,                0.25052,                0.84915,             0.00016177,             0.00016177,             0.00016177
                    128,                0.19539,                0.17756,                0.93392,                0.96005,                0.99891,                0.99205,                0.95819,                0.27688,                 0.2529,                0.84056,             0.00015735,             0.00015735,             0.00015735
                    129,                0.19515,                0.18304,                0.93115,                0.95996,                0.99246,                0.99276,                0.95394,                0.26982,                0.25372,                0.83369,             0.00015293,             0.00015293,             0.00015293
                    130,                0.19661,                0.17605,                0.93416,                0.95991,                0.99601,                 0.9935,                0.96138,                0.27688,                0.26584,                0.84471,             0.00014851,             0.00014851,             0.00014851
                    131,                0.19137,                0.16809,                0.93186,                 0.9614,                0.99378,                0.99393,                0.96141,                 0.2691,                0.26462,                0.82823,             0.00014409,             0.00014409,             0.00014409
                    132,                0.19439,                0.16812,                0.93337,                0.96135,                0.99257,                0.99302,                0.96018,                0.27063,                0.27773,                0.82902,             0.00013968,             0.00013968,             0.00013968
                    133,                0.18553,                0.17046,                0.92588,                0.94765,                0.99356,                0.99171,                0.95823,                0.27622,                0.27778,                 0.8384,             0.00013526,             0.00013526,             0.00013526
                    134,                0.18863,                0.17138,                0.92807,                0.95972,                0.99084,                 0.9938,                0.95968,                0.26577,                0.27816,                0.83043,             0.00013084,             0.00013084,             0.00013084
                    135,                0.19313,                0.17552,                0.93249,                0.96174,                0.99232,                 0.9942,                0.96084,                0.26496,                  0.269,                0.82813,             0.00012642,             0.00012642,             0.00012642
                    136,                0.18061,                0.15834,                0.92526,                0.96306,                 0.9881,                0.99284,                0.95934,                0.26332,                0.26881,                0.82515,               0.000122,               0.000122,               0.000122
                    137,                0.18565,                0.17334,                0.92699,                0.95467,                 0.9966,                0.99181,                0.95878,                0.26353,                0.26111,                0.82588,             0.00011759,             0.00011759,             0.00011759
                    138,                0.18279,                0.16316,                0.92536,                0.95523,                0.99646,                0.99235,                0.95848,                0.26384,                0.26862,                0.82433,             0.00011317,             0.00011317,             0.00011317
                    139,                0.18288,                0.16101,                0.92562,                0.94567,                0.99965,                0.99296,                0.95841,                0.26745,                0.26523,                0.82634,             0.00010875,             0.00010875,             0.00010875
                    140,                0.18173,                0.16121,                0.92792,                0.93904,                0.99488,                0.99222,                0.95312,                0.27587,                 0.2755,                0.83467,             0.00010433,             0.00010433,             0.00010433
                    141,                0.18245,                 0.1656,                0.92761,                0.94397,                0.99185,                 0.9926,                0.95757,                0.27617,                0.27186,                0.83663,             9.9915e-05,             9.9915e-05,             9.9915e-05
                    142,                0.18704,                0.16411,                0.92803,                0.95174,                0.99566,                0.99258,                0.95759,                0.26721,                 0.2597,                0.82776,             9.5498e-05,             9.5498e-05,             9.5498e-05
                    143,                0.18311,                 0.1653,                0.92865,                0.96115,                0.99398,                 0.9915,                0.95767,                0.26327,                0.25317,                0.82635,              9.108e-05,              9.108e-05,              9.108e-05
                    144,                0.18185,                0.15879,                 0.9249,                0.96124,                 0.9971,                0.99129,                0.95695,                0.27065,                0.25418,                0.83356,             8.6662e-05,             8.6662e-05,             8.6662e-05
                    145,                0.17836,                0.16004,                0.92594,                0.95721,                0.99773,                0.99179,                0.95758,                0.27528,                 0.2611,                  0.841,             8.2244e-05,             8.2244e-05,             8.2244e-05
                    146,                0.17425,                0.15736,                0.92097,                0.96002,                      1,                0.99212,                0.96456,                0.27628,                0.26168,                0.84205,             7.7826e-05,             7.7826e-05,             7.7826e-05
                    147,                0.17777,                0.15422,                 0.9244,                0.96001,                  0.998,                0.99302,                0.95957,                0.26943,                0.25938,                0.83425,             7.3408e-05,             7.3408e-05,             7.3408e-05
                    148,                0.17971,                0.15923,                0.92364,                0.96059,                0.99646,                0.99228,                0.95981,                0.26975,                0.26351,                0.83338,              6.899e-05,              6.899e-05,              6.899e-05
                    149,                0.17146,                0.14848,                 0.9208,                0.96167,                0.99601,                 0.9928,                0.95887,                0.27111,                0.25676,                0.83539,             6.4572e-05,             6.4572e-05,             6.4572e-05
                    150,                0.17207,                0.15367,                0.92367,                0.96223,                0.99575,                0.99339,                0.96058,                0.27264,                0.26266,                0.83788,             6.0154e-05,             6.0154e-05,             6.0154e-05
                    151,                0.12377,                0.10499,                0.89367,                0.96188,                0.99498,                0.99339,                 0.9688,                0.28114,                0.25482,                0.84935,             5.5737e-05,             5.5737e-05,             5.5737e-05
                    152,                0.11866,                0.09556,                0.89179,                0.96031,                0.99498,                0.99209,                0.96223,                0.27322,                  0.258,                0.83893,             5.1319e-05,             5.1319e-05,             5.1319e-05
                    153,                0.11698,                0.09328,                0.89028,                 0.9608,                0.99492,                0.99224,                0.96439,                0.27237,                0.25569,                0.83623,             4.6901e-05,             4.6901e-05,             4.6901e-05
                    154,                0.11473,                0.09047,                0.88832,                0.95995,                0.99666,                0.99135,                 0.9586,                0.26993,                0.25186,                0.83334,             4.2483e-05,             4.2483e-05,             4.2483e-05
                    155,                 0.1111,                0.09017,                0.88416,                0.96123,                0.99659,                0.99259,                0.96467,                0.27247,                0.25429,                0.83618,             3.8065e-05,             3.8065e-05,             3.8065e-05
                    156,                0.11229,                0.08867,                0.88842,                 0.9621,                0.99613,                0.99164,                  0.958,                0.27313,                0.25496,                0.83736,             3.3647e-05,             3.3647e-05,             3.3647e-05
                    157,                0.10926,                0.08672,                 0.8836,                0.95311,                 0.9967,                0.99162,                0.95794,                0.26822,                0.25502,                0.83472,             2.9229e-05,             2.9229e-05,             2.9229e-05
                    158,                0.10841,                0.08327,                0.89146,                0.95264,                0.99679,                0.99172,                0.95789,                0.26813,                0.25128,                0.83385,             2.4812e-05,             2.4812e-05,             2.4812e-05
                    159,                0.10939,                0.08414,                0.88809,                0.95228,                0.99613,                0.99117,                0.95818,                0.26674,                0.25413,                0.83296,             2.0394e-05,             2.0394e-05,             2.0394e-05
                    160,                0.10915,                0.08377,                0.87958,                0.95137,                0.99689,                0.99115,                 0.9566,                0.26764,                0.25696,                0.83382,             1.5976e-05,             1.5976e-05,             1.5976e-05
